﻿<?xml version="1.0" encoding="utf-8"?>
<key id="31b64537-433e-4c24-b907-048db0a374e2" version="1">
  <creationDate>2017-12-26T06:47:14.950795Z</creationDate>
  <activationDate>2017-12-26T06:47:14.9186783Z</activationDate>
  <expirationDate>2018-03-26T06:47:14.9186783Z</expirationDate>
  <descriptor deserializerType="Microsoft.AspNetCore.DataProtection.AuthenticatedEncryption.ConfigurationModel.AuthenticatedEncryptorDescriptorDeserializer, Microsoft.AspNetCore.DataProtection, Version=2.0.0.0, Culture=neutral, PublicKeyToken=adb9793829ddae60">
    <descriptor>
      <encryption algorithm="AES_256_CBC" />
      <validation algorithm="HMACSHA256" />
      <masterKey p4:requiresEncryption="true" xmlns:p4="http://schemas.asp.net/2015/03/dataProtection">
        <!-- Warning: the key below is in an unencrypted form. -->
        <value>+fBWP8I7Nu6xwRcMtzsvo9/zIG38X3csVSkdUxS3VII6ZFR3UJltV7p2qNwaZ53DxtV6GcUVZVJTanpwGiY1tA==</value>
      </masterKey>
    </descriptor>
  </descriptor>
</key>